study,model,condition,size,metric,builds,mean_percent,sample_sd_pp,minimum_percent,maximum_percent,range_pp,source_path,source_sha256_worktree,interpretation
uniform_build_repeat_v1,YOLO11n,Uniform calibration / repeated TensorRT builds,all,map50,3,95.1148480578078,0.3830311517463869,94.8803157342222,95.55685843448875,0.676542700266547,results/measurement_audit_v1/server_uniform_build_repeat_v1/repeat_summary.json,bac77b1fae3ce1ef718dc79fde9e4d3e14afe2ca4c751bf0bbe762119368a2a5,Descriptive build variability; not calibration-selection or device variance.
uniform_build_repeat_v1,YOLO11n,Uniform calibration / repeated TensorRT builds,all,map50_95,3,65.31459335945495,1.0675210113571145,64.61150088563451,66.54297871480806,1.9314778291735446,results/measurement_audit_v1/server_uniform_build_repeat_v1/repeat_summary.json,bac77b1fae3ce1ef718dc79fde9e4d3e14afe2ca4c751bf0bbe762119368a2a5,Descriptive build variability; not calibration-selection or device variance.
uniform_build_repeat_v1,YOLO11n,Uniform calibration / repeated TensorRT builds,xs,map50,3,57.60891314427784,3.9103136869998583,53.66598052807934,61.48577046705805,7.819789938978716,results/measurement_audit_v1/server_uniform_build_repeat_v1/repeat_summary.json,bac77b1fae3ce1ef718dc79fde9e4d3e14afe2ca4c751bf0bbe762119368a2a5,Descriptive build variability; not calibration-selection or device variance.
uniform_build_repeat_v1,YOLO11n,Uniform calibration / repeated TensorRT builds,xs,map50_95,3,18.77958998487309,1.8397936291077586,17.06419783377348,20.72260302963737,3.658405195863887,results/measurement_audit_v1/server_uniform_build_repeat_v1/repeat_summary.json,bac77b1fae3ce1ef718dc79fde9e4d3e14afe2ca4c751bf0bbe762119368a2a5,Descriptive build variability; not calibration-selection or device variance.
uniform_build_repeat_v1,YOLO11n,Uniform calibration / repeated TensorRT builds,s,map50,3,93.89237817858942,1.2996514638675756,92.75370928086201,95.30827555101186,2.5545662701498495,results/measurement_audit_v1/server_uniform_build_repeat_v1/repeat_summary.json,bac77b1fae3ce1ef718dc79fde9e4d3e14afe2ca4c751bf0bbe762119368a2a5,Descriptive build variability; not calibration-selection or device variance.
uniform_build_repeat_v1,YOLO11n,Uniform calibration / repeated TensorRT builds,s,map50_95,3,55.36242462115971,1.7956081154299566,54.31305617770267,57.435762421518824,3.1227062438161535,results/measurement_audit_v1/server_uniform_build_repeat_v1/repeat_summary.json,bac77b1fae3ce1ef718dc79fde9e4d3e14afe2ca4c751bf0bbe762119368a2a5,Descriptive build variability; not calibration-selection or device variance.
uniform_build_repeat_v1,YOLO11n,Uniform calibration / repeated TensorRT builds,m,map50,3,97.51379588798665,0.4892641724480591,97.16147841368645,98.07242518402767,0.9109467703412144,results/measurement_audit_v1/server_uniform_build_repeat_v1/repeat_summary.json,bac77b1fae3ce1ef718dc79fde9e4d3e14afe2ca4c751bf0bbe762119368a2a5,Descriptive build variability; not calibration-selection or device variance.
uniform_build_repeat_v1,YOLO11n,Uniform calibration / repeated TensorRT builds,m,map50_95,3,66.71950899804993,1.3214304048532088,65.57125136956489,68.16387147564957,2.5926201060846754,results/measurement_audit_v1/server_uniform_build_repeat_v1/repeat_summary.json,bac77b1fae3ce1ef718dc79fde9e4d3e14afe2ca4c751bf0bbe762119368a2a5,Descriptive build variability; not calibration-selection or device variance.
uniform_build_repeat_v1,YOLO11n,Uniform calibration / repeated TensorRT builds,l,map50,3,98.33762527776958,0.09833326777789299,98.24450992460255,98.44045532595153,0.19594540134898475,results/measurement_audit_v1/server_uniform_build_repeat_v1/repeat_summary.json,bac77b1fae3ce1ef718dc79fde9e4d3e14afe2ca4c751bf0bbe762119368a2a5,Descriptive build variability; not calibration-selection or device variance.
uniform_build_repeat_v1,YOLO11n,Uniform calibration / repeated TensorRT builds,l,map50_95,3,76.63353858798445,0.9715613093374766,75.92348283090725,77.74076125125815,1.8172784203508985,results/measurement_audit_v1/server_uniform_build_repeat_v1/repeat_summary.json,bac77b1fae3ce1ef718dc79fde9e4d3e14afe2ca4c751bf0bbe762119368a2a5,Descriptive build variability; not calibration-selection or device variance.
uniform_build_repeat_v1,YOLO11n,Uniform calibration / repeated TensorRT builds,xl,map50,3,99.35842737954592,0.11512260623116341,99.28438257604446,99.4910596122309,0.2066770361864423,results/measurement_audit_v1/server_uniform_build_repeat_v1/repeat_summary.json,bac77b1fae3ce1ef718dc79fde9e4d3e14afe2ca4c751bf0bbe762119368a2a5,Descriptive build variability; not calibration-selection or device variance.
uniform_build_repeat_v1,YOLO11n,Uniform calibration / repeated TensorRT builds,xl,map50_95,3,83.59202728952607,0.5855782023528271,83.03753380190662,84.20439275888165,1.1668589569750365,results/measurement_audit_v1/server_uniform_build_repeat_v1/repeat_summary.json,bac77b1fae3ce1ef718dc79fde9e4d3e14afe2ca4c751bf0bbe762119368a2a5,Descriptive build variability; not calibration-selection or device variance.
