study,model,contrast,size,metric,point_delta_pp,ci95_low_pp,ci95_high_pp,valid_resamples,undefined_resamples,bootstrap_seed,bootstrap_resamples,estimator,source_path,source_sha256_worktree
precision_head_paired_analysis_v1,YOLO11n,bbox_minus_baseline,all,map50,0.6068205001466764,0.20089929262780915,1.0400159317689033,1000,0,20260916,1000,coco_xml_paired_image_bootstrap_v1,results/measurement_audit_v1/precision_head_paired_analysis_v1/contrast_ci.json,3144e54cf811d1d553d7dd4bc6b5bfa551e2910e566a002281d8ab9f250281af
precision_head_paired_analysis_v1,YOLO11n,bbox_minus_baseline,all,map50_95,5.426343638692033,4.911805079346461,5.899070323484541,1000,0,20260916,1000,coco_xml_paired_image_bootstrap_v1,results/measurement_audit_v1/precision_head_paired_analysis_v1/contrast_ci.json,3144e54cf811d1d553d7dd4bc6b5bfa551e2910e566a002281d8ab9f250281af
precision_head_paired_analysis_v1,YOLO11n,bbox_minus_baseline,xs,map50,6.709419972036779,2.1524930849174906,11.25440381530634,1000,0,20260916,1000,coco_xml_paired_image_bootstrap_v1,results/measurement_audit_v1/precision_head_paired_analysis_v1/contrast_ci.json,3144e54cf811d1d553d7dd4bc6b5bfa551e2910e566a002281d8ab9f250281af
precision_head_paired_analysis_v1,YOLO11n,bbox_minus_baseline,xs,map50_95,7.386130972274111,4.963465897550243,10.173371379283802,1000,0,20260916,1000,coco_xml_paired_image_bootstrap_v1,results/measurement_audit_v1/precision_head_paired_analysis_v1/contrast_ci.json,3144e54cf811d1d553d7dd4bc6b5bfa551e2910e566a002281d8ab9f250281af
precision_head_paired_analysis_v1,YOLO11n,bbox_minus_baseline,s,map50,0.5271536034456847,-0.03538935085843603,1.197540280130907,1000,0,20260916,1000,coco_xml_paired_image_bootstrap_v1,results/measurement_audit_v1/precision_head_paired_analysis_v1/contrast_ci.json,3144e54cf811d1d553d7dd4bc6b5bfa551e2910e566a002281d8ab9f250281af
precision_head_paired_analysis_v1,YOLO11n,bbox_minus_baseline,s,map50_95,6.707153917590524,5.611632233305517,7.772606598690164,1000,0,20260916,1000,coco_xml_paired_image_bootstrap_v1,results/measurement_audit_v1/precision_head_paired_analysis_v1/contrast_ci.json,3144e54cf811d1d553d7dd4bc6b5bfa551e2910e566a002281d8ab9f250281af
precision_head_paired_analysis_v1,YOLO11n,bbox_minus_baseline,m,map50,0.3066298588288663,0.09232686551251784,0.5363233157869152,1000,0,20260916,1000,coco_xml_paired_image_bootstrap_v1,results/measurement_audit_v1/precision_head_paired_analysis_v1/contrast_ci.json,3144e54cf811d1d553d7dd4bc6b5bfa551e2910e566a002281d8ab9f250281af
precision_head_paired_analysis_v1,YOLO11n,bbox_minus_baseline,m,map50_95,5.947947569161571,5.186669359142077,6.803307678066594,1000,0,20260916,1000,coco_xml_paired_image_bootstrap_v1,results/measurement_audit_v1/precision_head_paired_analysis_v1/contrast_ci.json,3144e54cf811d1d553d7dd4bc6b5bfa551e2910e566a002281d8ab9f250281af
precision_head_paired_analysis_v1,YOLO11n,bbox_minus_baseline,l,map50,0.0016495702195529205,-0.010003050839683392,0.01652623563183797,1000,0,20260916,1000,coco_xml_paired_image_bootstrap_v1,results/measurement_audit_v1/precision_head_paired_analysis_v1/contrast_ci.json,3144e54cf811d1d553d7dd4bc6b5bfa551e2910e566a002281d8ab9f250281af
precision_head_paired_analysis_v1,YOLO11n,bbox_minus_baseline,l,map50_95,3.3364793463558695,2.587697100165503,4.06682114621804,1000,0,20260916,1000,coco_xml_paired_image_bootstrap_v1,results/measurement_audit_v1/precision_head_paired_analysis_v1/contrast_ci.json,3144e54cf811d1d553d7dd4bc6b5bfa551e2910e566a002281d8ab9f250281af
precision_head_paired_analysis_v1,YOLO11n,bbox_minus_baseline,xl,map50,0.0022905959462860004,-0.017768310050084724,0.027632363022588015,1000,0,20260916,1000,coco_xml_paired_image_bootstrap_v1,results/measurement_audit_v1/precision_head_paired_analysis_v1/contrast_ci.json,3144e54cf811d1d553d7dd4bc6b5bfa551e2910e566a002281d8ab9f250281af
precision_head_paired_analysis_v1,YOLO11n,bbox_minus_baseline,xl,map50_95,2.167540750519026,1.5050681367781134,3.0454451013233172,1000,0,20260916,1000,coco_xml_paired_image_bootstrap_v1,results/measurement_audit_v1/precision_head_paired_analysis_v1/contrast_ci.json,3144e54cf811d1d553d7dd4bc6b5bfa551e2910e566a002281d8ab9f250281af
precision_head_paired_analysis_v1,YOLO11n,classification_minus_baseline,all,map50,0.9856576718200505,0.46465073961129033,1.4655958818299228,1000,0,20260916,1000,coco_xml_paired_image_bootstrap_v1,results/measurement_audit_v1/precision_head_paired_analysis_v1/contrast_ci.json,3144e54cf811d1d553d7dd4bc6b5bfa551e2910e566a002281d8ab9f250281af
precision_head_paired_analysis_v1,YOLO11n,classification_minus_baseline,all,map50_95,3.627062867425379,2.9388986951031986,4.149000223647295,1000,0,20260916,1000,coco_xml_paired_image_bootstrap_v1,results/measurement_audit_v1/precision_head_paired_analysis_v1/contrast_ci.json,3144e54cf811d1d553d7dd4bc6b5bfa551e2910e566a002281d8ab9f250281af
precision_head_paired_analysis_v1,YOLO11n,classification_minus_baseline,xs,map50,2.8362401627492373,-0.3496622454425849,5.369116350462282,1000,0,20260916,1000,coco_xml_paired_image_bootstrap_v1,results/measurement_audit_v1/precision_head_paired_analysis_v1/contrast_ci.json,3144e54cf811d1d553d7dd4bc6b5bfa551e2910e566a002281d8ab9f250281af
precision_head_paired_analysis_v1,YOLO11n,classification_minus_baseline,xs,map50_95,1.377821110351024,0.14245304430518727,2.5680386369819446,1000,0,20260916,1000,coco_xml_paired_image_bootstrap_v1,results/measurement_audit_v1/precision_head_paired_analysis_v1/contrast_ci.json,3144e54cf811d1d553d7dd4bc6b5bfa551e2910e566a002281d8ab9f250281af
precision_head_paired_analysis_v1,YOLO11n,classification_minus_baseline,s,map50,1.7644959573253183,0.7447166827437105,2.8701192904054857,1000,0,20260916,1000,coco_xml_paired_image_bootstrap_v1,results/measurement_audit_v1/precision_head_paired_analysis_v1/contrast_ci.json,3144e54cf811d1d553d7dd4bc6b5bfa551e2910e566a002281d8ab9f250281af
precision_head_paired_analysis_v1,YOLO11n,classification_minus_baseline,s,map50_95,1.7893259044366006,0.7072691377319906,2.802425179483708,1000,0,20260916,1000,coco_xml_paired_image_bootstrap_v1,results/measurement_audit_v1/precision_head_paired_analysis_v1/contrast_ci.json,3144e54cf811d1d553d7dd4bc6b5bfa551e2910e566a002281d8ab9f250281af
precision_head_paired_analysis_v1,YOLO11n,classification_minus_baseline,m,map50,0.7524584220301445,0.15923067984344036,1.551087442853067,1000,0,20260916,1000,coco_xml_paired_image_bootstrap_v1,results/measurement_audit_v1/precision_head_paired_analysis_v1/contrast_ci.json,3144e54cf811d1d553d7dd4bc6b5bfa551e2910e566a002281d8ab9f250281af
precision_head_paired_analysis_v1,YOLO11n,classification_minus_baseline,m,map50_95,2.092586901546678,1.0567329600390885,3.1361064627546553,1000,0,20260916,1000,coco_xml_paired_image_bootstrap_v1,results/measurement_audit_v1/precision_head_paired_analysis_v1/contrast_ci.json,3144e54cf811d1d553d7dd4bc6b5bfa551e2910e566a002281d8ab9f250281af
precision_head_paired_analysis_v1,YOLO11n,classification_minus_baseline,l,map50,0.3762767173851156,-0.29219433179720894,0.8872520011095033,1000,0,20260916,1000,coco_xml_paired_image_bootstrap_v1,results/measurement_audit_v1/precision_head_paired_analysis_v1/contrast_ci.json,3144e54cf811d1d553d7dd4bc6b5bfa551e2910e566a002281d8ab9f250281af
precision_head_paired_analysis_v1,YOLO11n,classification_minus_baseline,l,map50_95,1.6311260482647527,0.4850180936477261,2.683951997616833,1000,0,20260916,1000,coco_xml_paired_image_bootstrap_v1,results/measurement_audit_v1/precision_head_paired_analysis_v1/contrast_ci.json,3144e54cf811d1d553d7dd4bc6b5bfa551e2910e566a002281d8ab9f250281af
precision_head_paired_analysis_v1,YOLO11n,classification_minus_baseline,xl,map50,-0.09481458490445682,-0.43987619297396086,0.28562657186593743,1000,0,20260916,1000,coco_xml_paired_image_bootstrap_v1,results/measurement_audit_v1/precision_head_paired_analysis_v1/contrast_ci.json,3144e54cf811d1d553d7dd4bc6b5bfa551e2910e566a002281d8ab9f250281af
precision_head_paired_analysis_v1,YOLO11n,classification_minus_baseline,xl,map50_95,3.1243429729219785,2.033060430772179,4.040280149005864,1000,0,20260916,1000,coco_xml_paired_image_bootstrap_v1,results/measurement_audit_v1/precision_head_paired_analysis_v1/contrast_ci.json,3144e54cf811d1d553d7dd4bc6b5bfa551e2910e566a002281d8ab9f250281af
precision_head_paired_analysis_v1,YOLO11n,both_minus_baseline,all,map50,1.5704675823911995,0.7427734100872474,1.9715774075401795,1000,0,20260916,1000,coco_xml_paired_image_bootstrap_v1,results/measurement_audit_v1/precision_head_paired_analysis_v1/contrast_ci.json,3144e54cf811d1d553d7dd4bc6b5bfa551e2910e566a002281d8ab9f250281af
precision_head_paired_analysis_v1,YOLO11n,both_minus_baseline,all,map50_95,8.506713126712517,7.710367478504348,8.999864694747238,1000,0,20260916,1000,coco_xml_paired_image_bootstrap_v1,results/measurement_audit_v1/precision_head_paired_analysis_v1/contrast_ci.json,3144e54cf811d1d553d7dd4bc6b5bfa551e2910e566a002281d8ab9f250281af
precision_head_paired_analysis_v1,YOLO11n,both_minus_baseline,xs,map50,8.998302463845997,3.1418316218847244,15.101145880340813,1000,0,20260916,1000,coco_xml_paired_image_bootstrap_v1,results/measurement_audit_v1/precision_head_paired_analysis_v1/contrast_ci.json,3144e54cf811d1d553d7dd4bc6b5bfa551e2910e566a002281d8ab9f250281af
precision_head_paired_analysis_v1,YOLO11n,both_minus_baseline,xs,map50_95,8.94737652501206,5.721393231557863,12.66636664474711,1000,0,20260916,1000,coco_xml_paired_image_bootstrap_v1,results/measurement_audit_v1/precision_head_paired_analysis_v1/contrast_ci.json,3144e54cf811d1d553d7dd4bc6b5bfa551e2910e566a002281d8ab9f250281af
precision_head_paired_analysis_v1,YOLO11n,both_minus_baseline,s,map50,2.2295906300503265,1.066245049768428,3.2092841455781813,1000,0,20260916,1000,coco_xml_paired_image_bootstrap_v1,results/measurement_audit_v1/precision_head_paired_analysis_v1/contrast_ci.json,3144e54cf811d1d553d7dd4bc6b5bfa551e2910e566a002281d8ab9f250281af
precision_head_paired_analysis_v1,YOLO11n,both_minus_baseline,s,map50_95,8.708748445536518,7.3844139156224555,9.985540638435516,1000,0,20260916,1000,coco_xml_paired_image_bootstrap_v1,results/measurement_audit_v1/precision_head_paired_analysis_v1/contrast_ci.json,3144e54cf811d1d553d7dd4bc6b5bfa551e2910e566a002281d8ab9f250281af
precision_head_paired_analysis_v1,YOLO11n,both_minus_baseline,m,map50,0.8143826324321202,0.22084110422983388,1.6226440237810138,1000,0,20260916,1000,coco_xml_paired_image_bootstrap_v1,results/measurement_audit_v1/precision_head_paired_analysis_v1/contrast_ci.json,3144e54cf811d1d553d7dd4bc6b5bfa551e2910e566a002281d8ab9f250281af
precision_head_paired_analysis_v1,YOLO11n,both_minus_baseline,m,map50_95,7.639255044013515,6.614819079634046,8.640275465219995,1000,0,20260916,1000,coco_xml_paired_image_bootstrap_v1,results/measurement_audit_v1/precision_head_paired_analysis_v1/contrast_ci.json,3144e54cf811d1d553d7dd4bc6b5bfa551e2910e566a002281d8ab9f250281af
precision_head_paired_analysis_v1,YOLO11n,both_minus_baseline,l,map50,0.3524715867670891,-0.320310202677864,0.8524041657267125,1000,0,20260916,1000,coco_xml_paired_image_bootstrap_v1,results/measurement_audit_v1/precision_head_paired_analysis_v1/contrast_ci.json,3144e54cf811d1d553d7dd4bc6b5bfa551e2910e566a002281d8ab9f250281af
precision_head_paired_analysis_v1,YOLO11n,both_minus_baseline,l,map50_95,5.213388242797712,4.028241893464012,6.114369158159865,1000,0,20260916,1000,coco_xml_paired_image_bootstrap_v1,results/measurement_audit_v1/precision_head_paired_analysis_v1/contrast_ci.json,3144e54cf811d1d553d7dd4bc6b5bfa551e2910e566a002281d8ab9f250281af
precision_head_paired_analysis_v1,YOLO11n,both_minus_baseline,xl,map50,-0.11624159784838772,-0.48260104718200525,0.26126586538298346,1000,0,20260916,1000,coco_xml_paired_image_bootstrap_v1,results/measurement_audit_v1/precision_head_paired_analysis_v1/contrast_ci.json,3144e54cf811d1d553d7dd4bc6b5bfa551e2910e566a002281d8ab9f250281af
precision_head_paired_analysis_v1,YOLO11n,both_minus_baseline,xl,map50_95,4.833845412777138,3.8219674626460827,5.678633864271579,1000,0,20260916,1000,coco_xml_paired_image_bootstrap_v1,results/measurement_audit_v1/precision_head_paired_analysis_v1/contrast_ci.json,3144e54cf811d1d553d7dd4bc6b5bfa551e2910e566a002281d8ab9f250281af
precision_head_paired_analysis_v1,YOLO11n,bbox_minus_classification,all,map50,-0.37883717167337405,-1.0075792252366977,0.20331504572569906,1000,0,20260916,1000,coco_xml_paired_image_bootstrap_v1,results/measurement_audit_v1/precision_head_paired_analysis_v1/contrast_ci.json,3144e54cf811d1d553d7dd4bc6b5bfa551e2910e566a002281d8ab9f250281af
precision_head_paired_analysis_v1,YOLO11n,bbox_minus_classification,all,map50_95,1.7992807712666536,1.2383980866818844,2.5084546600646704,1000,0,20260916,1000,coco_xml_paired_image_bootstrap_v1,results/measurement_audit_v1/precision_head_paired_analysis_v1/contrast_ci.json,3144e54cf811d1d553d7dd4bc6b5bfa551e2910e566a002281d8ab9f250281af
precision_head_paired_analysis_v1,YOLO11n,bbox_minus_classification,xs,map50,3.8731798092875414,-0.7783489682073564,9.34878024713231,1000,0,20260916,1000,coco_xml_paired_image_bootstrap_v1,results/measurement_audit_v1/precision_head_paired_analysis_v1/contrast_ci.json,3144e54cf811d1d553d7dd4bc6b5bfa551e2910e566a002281d8ab9f250281af
precision_head_paired_analysis_v1,YOLO11n,bbox_minus_classification,xs,map50_95,6.008309861923086,3.4868819829366338,8.977011540916026,1000,0,20260916,1000,coco_xml_paired_image_bootstrap_v1,results/measurement_audit_v1/precision_head_paired_analysis_v1/contrast_ci.json,3144e54cf811d1d553d7dd4bc6b5bfa551e2910e566a002281d8ab9f250281af
precision_head_paired_analysis_v1,YOLO11n,bbox_minus_classification,s,map50,-1.2373423538796335,-2.2879010519881264,-0.3152382401344556,1000,0,20260916,1000,coco_xml_paired_image_bootstrap_v1,results/measurement_audit_v1/precision_head_paired_analysis_v1/contrast_ci.json,3144e54cf811d1d553d7dd4bc6b5bfa551e2910e566a002281d8ab9f250281af
precision_head_paired_analysis_v1,YOLO11n,bbox_minus_classification,s,map50_95,4.917828013153924,3.7077643264708193,6.284631767245916,1000,0,20260916,1000,coco_xml_paired_image_bootstrap_v1,results/measurement_audit_v1/precision_head_paired_analysis_v1/contrast_ci.json,3144e54cf811d1d553d7dd4bc6b5bfa551e2910e566a002281d8ab9f250281af
precision_head_paired_analysis_v1,YOLO11n,bbox_minus_classification,m,map50,-0.44582856320127817,-1.176656336709835,0.06522483949978307,1000,0,20260916,1000,coco_xml_paired_image_bootstrap_v1,results/measurement_audit_v1/precision_head_paired_analysis_v1/contrast_ci.json,3144e54cf811d1d553d7dd4bc6b5bfa551e2910e566a002281d8ab9f250281af
precision_head_paired_analysis_v1,YOLO11n,bbox_minus_classification,m,map50_95,3.8553606676148933,2.8934489919383095,4.844221761723231,1000,0,20260916,1000,coco_xml_paired_image_bootstrap_v1,results/measurement_audit_v1/precision_head_paired_analysis_v1/contrast_ci.json,3144e54cf811d1d553d7dd4bc6b5bfa551e2910e566a002281d8ab9f250281af
precision_head_paired_analysis_v1,YOLO11n,bbox_minus_classification,l,map50,-0.37462714716556267,-0.8868972749775913,0.2967559448488093,1000,0,20260916,1000,coco_xml_paired_image_bootstrap_v1,results/measurement_audit_v1/precision_head_paired_analysis_v1/contrast_ci.json,3144e54cf811d1d553d7dd4bc6b5bfa551e2910e566a002281d8ab9f250281af
precision_head_paired_analysis_v1,YOLO11n,bbox_minus_classification,l,map50_95,1.7053532980911168,0.675413632692922,2.852060990376971,1000,0,20260916,1000,coco_xml_paired_image_bootstrap_v1,results/measurement_audit_v1/precision_head_paired_analysis_v1/contrast_ci.json,3144e54cf811d1d553d7dd4bc6b5bfa551e2910e566a002281d8ab9f250281af
precision_head_paired_analysis_v1,YOLO11n,bbox_minus_classification,xl,map50,0.09710518085074282,-0.2836676604938987,0.44136107895942184,1000,0,20260916,1000,coco_xml_paired_image_bootstrap_v1,results/measurement_audit_v1/precision_head_paired_analysis_v1/contrast_ci.json,3144e54cf811d1d553d7dd4bc6b5bfa551e2910e566a002281d8ab9f250281af
precision_head_paired_analysis_v1,YOLO11n,bbox_minus_classification,xl,map50_95,-0.9568022224029527,-1.838054050496049,0.22913117847212355,1000,0,20260916,1000,coco_xml_paired_image_bootstrap_v1,results/measurement_audit_v1/precision_head_paired_analysis_v1/contrast_ci.json,3144e54cf811d1d553d7dd4bc6b5bfa551e2910e566a002281d8ab9f250281af
precision_head_paired_analysis_v1,YOLO11n,both_minus_bbox,all,map50,0.9636470822445231,0.2417148675441394,1.235873362296521,1000,0,20260916,1000,coco_xml_paired_image_bootstrap_v1,results/measurement_audit_v1/precision_head_paired_analysis_v1/contrast_ci.json,3144e54cf811d1d553d7dd4bc6b5bfa551e2910e566a002281d8ab9f250281af
precision_head_paired_analysis_v1,YOLO11n,both_minus_bbox,all,map50_95,3.0803694880204846,2.4584875762376637,3.451964084864473,1000,0,20260916,1000,coco_xml_paired_image_bootstrap_v1,results/measurement_audit_v1/precision_head_paired_analysis_v1/contrast_ci.json,3144e54cf811d1d553d7dd4bc6b5bfa551e2910e566a002281d8ab9f250281af
precision_head_paired_analysis_v1,YOLO11n,both_minus_bbox,xs,map50,2.2888824918092188,-1.5951396949600907,5.431563109005518,1000,0,20260916,1000,coco_xml_paired_image_bootstrap_v1,results/measurement_audit_v1/precision_head_paired_analysis_v1/contrast_ci.json,3144e54cf811d1d553d7dd4bc6b5bfa551e2910e566a002281d8ab9f250281af
precision_head_paired_analysis_v1,YOLO11n,both_minus_bbox,xs,map50_95,1.5612455527379498,-0.008159896741170562,3.2275047569838065,1000,0,20260916,1000,coco_xml_paired_image_bootstrap_v1,results/measurement_audit_v1/precision_head_paired_analysis_v1/contrast_ci.json,3144e54cf811d1d553d7dd4bc6b5bfa551e2910e566a002281d8ab9f250281af
precision_head_paired_analysis_v1,YOLO11n,both_minus_bbox,s,map50,1.7024370266046418,0.7675474649445069,2.510208259626535,1000,0,20260916,1000,coco_xml_paired_image_bootstrap_v1,results/measurement_audit_v1/precision_head_paired_analysis_v1/contrast_ci.json,3144e54cf811d1d553d7dd4bc6b5bfa551e2910e566a002281d8ab9f250281af
precision_head_paired_analysis_v1,YOLO11n,both_minus_bbox,s,map50_95,2.0015945279459935,1.0363622150671095,2.9069949307239917,1000,0,20260916,1000,coco_xml_paired_image_bootstrap_v1,results/measurement_audit_v1/precision_head_paired_analysis_v1/contrast_ci.json,3144e54cf811d1d553d7dd4bc6b5bfa551e2910e566a002281d8ab9f250281af
precision_head_paired_analysis_v1,YOLO11n,both_minus_bbox,m,map50,0.5077527736032539,0.013626409978011735,1.2282119237323015,1000,0,20260916,1000,coco_xml_paired_image_bootstrap_v1,results/measurement_audit_v1/precision_head_paired_analysis_v1/contrast_ci.json,3144e54cf811d1d553d7dd4bc6b5bfa551e2910e566a002281d8ab9f250281af
precision_head_paired_analysis_v1,YOLO11n,both_minus_bbox,m,map50_95,1.691307474851944,0.9212353031233192,2.380914454735884,1000,0,20260916,1000,coco_xml_paired_image_bootstrap_v1,results/measurement_audit_v1/precision_head_paired_analysis_v1/contrast_ci.json,3144e54cf811d1d553d7dd4bc6b5bfa551e2910e566a002281d8ab9f250281af
precision_head_paired_analysis_v1,YOLO11n,both_minus_bbox,l,map50,0.3508220165475362,-0.31896942721194393,0.8524135672405825,1000,0,20260916,1000,coco_xml_paired_image_bootstrap_v1,results/measurement_audit_v1/precision_head_paired_analysis_v1/contrast_ci.json,3144e54cf811d1d553d7dd4bc6b5bfa551e2910e566a002281d8ab9f250281af
precision_head_paired_analysis_v1,YOLO11n,both_minus_bbox,l,map50_95,1.8769088964418423,1.0351428630689175,2.5730533268124987,1000,0,20260916,1000,coco_xml_paired_image_bootstrap_v1,results/measurement_audit_v1/precision_head_paired_analysis_v1/contrast_ci.json,3144e54cf811d1d553d7dd4bc6b5bfa551e2910e566a002281d8ab9f250281af
precision_head_paired_analysis_v1,YOLO11n,both_minus_bbox,xl,map50,-0.11853219379467372,-0.47686945240019624,0.2580060044794585,1000,0,20260916,1000,coco_xml_paired_image_bootstrap_v1,results/measurement_audit_v1/precision_head_paired_analysis_v1/contrast_ci.json,3144e54cf811d1d553d7dd4bc6b5bfa551e2910e566a002281d8ab9f250281af
precision_head_paired_analysis_v1,YOLO11n,both_minus_bbox,xl,map50_95,2.666304662258112,1.735854765727854,3.2957069302114337,1000,0,20260916,1000,coco_xml_paired_image_bootstrap_v1,results/measurement_audit_v1/precision_head_paired_analysis_v1/contrast_ci.json,3144e54cf811d1d553d7dd4bc6b5bfa551e2910e566a002281d8ab9f250281af
precision_head_paired_analysis_v1,YOLO11n,both_minus_classification,all,map50,0.5848099105711491,-0.031266005471023976,0.7830404721849504,1000,0,20260916,1000,coco_xml_paired_image_bootstrap_v1,results/measurement_audit_v1/precision_head_paired_analysis_v1/contrast_ci.json,3144e54cf811d1d553d7dd4bc6b5bfa551e2910e566a002281d8ab9f250281af
precision_head_paired_analysis_v1,YOLO11n,both_minus_classification,all,map50_95,4.879650259287138,4.428067384399584,5.298215727958095,1000,0,20260916,1000,coco_xml_paired_image_bootstrap_v1,results/measurement_audit_v1/precision_head_paired_analysis_v1/contrast_ci.json,3144e54cf811d1d553d7dd4bc6b5bfa551e2910e566a002281d8ab9f250281af
precision_head_paired_analysis_v1,YOLO11n,both_minus_classification,xs,map50,6.162062301096761,1.8981381650656561,11.748853212985326,1000,0,20260916,1000,coco_xml_paired_image_bootstrap_v1,results/measurement_audit_v1/precision_head_paired_analysis_v1/contrast_ci.json,3144e54cf811d1d553d7dd4bc6b5bfa551e2910e566a002281d8ab9f250281af
precision_head_paired_analysis_v1,YOLO11n,both_minus_classification,xs,map50_95,7.569555414661036,4.954469836126663,10.908392905071798,1000,0,20260916,1000,coco_xml_paired_image_bootstrap_v1,results/measurement_audit_v1/precision_head_paired_analysis_v1/contrast_ci.json,3144e54cf811d1d553d7dd4bc6b5bfa551e2910e566a002281d8ab9f250281af
precision_head_paired_analysis_v1,YOLO11n,both_minus_classification,s,map50,0.46509467272500826,-0.08497849205237606,0.801958468910453,1000,0,20260916,1000,coco_xml_paired_image_bootstrap_v1,results/measurement_audit_v1/precision_head_paired_analysis_v1/contrast_ci.json,3144e54cf811d1d553d7dd4bc6b5bfa551e2910e566a002281d8ab9f250281af
precision_head_paired_analysis_v1,YOLO11n,both_minus_classification,s,map50_95,6.919422541099918,5.9151554328497165,8.024517603376271,1000,0,20260916,1000,coco_xml_paired_image_bootstrap_v1,results/measurement_audit_v1/precision_head_paired_analysis_v1/contrast_ci.json,3144e54cf811d1d553d7dd4bc6b5bfa551e2910e566a002281d8ab9f250281af
precision_head_paired_analysis_v1,YOLO11n,both_minus_classification,m,map50,0.06192421040197571,0.011471151345256725,0.14734564559795352,1000,0,20260916,1000,coco_xml_paired_image_bootstrap_v1,results/measurement_audit_v1/precision_head_paired_analysis_v1/contrast_ci.json,3144e54cf811d1d553d7dd4bc6b5bfa551e2910e566a002281d8ab9f250281af
precision_head_paired_analysis_v1,YOLO11n,both_minus_classification,m,map50_95,5.546668142466837,4.83551032785478,6.3341636256126685,1000,0,20260916,1000,coco_xml_paired_image_bootstrap_v1,results/measurement_audit_v1/precision_head_paired_analysis_v1/contrast_ci.json,3144e54cf811d1d553d7dd4bc6b5bfa551e2910e566a002281d8ab9f250281af
precision_head_paired_analysis_v1,YOLO11n,both_minus_classification,l,map50,-0.02380513061802647,-0.07911610179963419,0.015386412819506324,1000,0,20260916,1000,coco_xml_paired_image_bootstrap_v1,results/measurement_audit_v1/precision_head_paired_analysis_v1/contrast_ci.json,3144e54cf811d1d553d7dd4bc6b5bfa551e2910e566a002281d8ab9f250281af
precision_head_paired_analysis_v1,YOLO11n,both_minus_classification,l,map50_95,3.582262194532959,2.7796959227967384,4.301259401229341,1000,0,20260916,1000,coco_xml_paired_image_bootstrap_v1,results/measurement_audit_v1/precision_head_paired_analysis_v1/contrast_ci.json,3144e54cf811d1d553d7dd4bc6b5bfa551e2910e566a002281d8ab9f250281af
precision_head_paired_analysis_v1,YOLO11n,both_minus_classification,xl,map50,-0.0214270129439309,-0.11774002714771414,0.024216949550845135,1000,0,20260916,1000,coco_xml_paired_image_bootstrap_v1,results/measurement_audit_v1/precision_head_paired_analysis_v1/contrast_ci.json,3144e54cf811d1d553d7dd4bc6b5bfa551e2910e566a002281d8ab9f250281af
precision_head_paired_analysis_v1,YOLO11n,both_minus_classification,xl,map50_95,1.7095024398551595,1.0664687799606516,2.4063247852340064,1000,0,20260916,1000,coco_xml_paired_image_bootstrap_v1,results/measurement_audit_v1/precision_head_paired_analysis_v1/contrast_ci.json,3144e54cf811d1d553d7dd4bc6b5bfa551e2910e566a002281d8ab9f250281af
precision_head_paired_analysis_v1,YOLO11n,baseline_minus_fp16,all,map50,-1.724844232993017,-2.270900281118436,-0.9802040680365024,1000,0,20260916,1000,coco_xml_paired_image_bootstrap_v1,results/measurement_audit_v1/precision_head_paired_analysis_v1/contrast_ci.json,3144e54cf811d1d553d7dd4bc6b5bfa551e2910e566a002281d8ab9f250281af
precision_head_paired_analysis_v1,YOLO11n,baseline_minus_fp16,all,map50_95,-9.111632171702244,-9.682083427542619,-8.336975863056631,1000,0,20260916,1000,coco_xml_paired_image_bootstrap_v1,results/measurement_audit_v1/precision_head_paired_analysis_v1/contrast_ci.json,3144e54cf811d1d553d7dd4bc6b5bfa551e2910e566a002281d8ab9f250281af
precision_head_paired_analysis_v1,YOLO11n,baseline_minus_fp16,xs,map50,-10.195774543105829,-16.08999979084671,-4.343083037870256,1000,0,20260916,1000,coco_xml_paired_image_bootstrap_v1,results/measurement_audit_v1/precision_head_paired_analysis_v1/contrast_ci.json,3144e54cf811d1d553d7dd4bc6b5bfa551e2910e566a002281d8ab9f250281af
precision_head_paired_analysis_v1,YOLO11n,baseline_minus_fp16,xs,map50_95,-10.197781405659637,-13.125434841739777,-7.270308316441374,1000,0,20260916,1000,coco_xml_paired_image_bootstrap_v1,results/measurement_audit_v1/precision_head_paired_analysis_v1/contrast_ci.json,3144e54cf811d1d553d7dd4bc6b5bfa551e2910e566a002281d8ab9f250281af
precision_head_paired_analysis_v1,YOLO11n,baseline_minus_fp16,s,map50,-2.123811792779484,-3.1518409602752975,-0.9625141044550816,1000,0,20260916,1000,coco_xml_paired_image_bootstrap_v1,results/measurement_audit_v1/precision_head_paired_analysis_v1/contrast_ci.json,3144e54cf811d1d553d7dd4bc6b5bfa551e2910e566a002281d8ab9f250281af
precision_head_paired_analysis_v1,YOLO11n,baseline_minus_fp16,s,map50_95,-9.500258185629228,-10.727344188102421,-8.070533938182793,1000,0,20260916,1000,coco_xml_paired_image_bootstrap_v1,results/measurement_audit_v1/precision_head_paired_analysis_v1/contrast_ci.json,3144e54cf811d1d553d7dd4bc6b5bfa551e2910e566a002281d8ab9f250281af
precision_head_paired_analysis_v1,YOLO11n,baseline_minus_fp16,m,map50,-1.1525606366868946,-1.9251099831707763,-0.45267779196889457,1000,0,20260916,1000,coco_xml_paired_image_bootstrap_v1,results/measurement_audit_v1/precision_head_paired_analysis_v1/contrast_ci.json,3144e54cf811d1d553d7dd4bc6b5bfa551e2910e566a002281d8ab9f250281af
precision_head_paired_analysis_v1,YOLO11n,baseline_minus_fp16,m,map50_95,-8.228245945545144,-9.228964344016948,-7.115759390675421,1000,0,20260916,1000,coco_xml_paired_image_bootstrap_v1,results/measurement_audit_v1/precision_head_paired_analysis_v1/contrast_ci.json,3144e54cf811d1d553d7dd4bc6b5bfa551e2910e566a002281d8ab9f250281af
precision_head_paired_analysis_v1,YOLO11n,baseline_minus_fp16,l,map50,-0.7027136318282334,-1.4928542181269058,-0.11887959240541911,1000,0,20260916,1000,coco_xml_paired_image_bootstrap_v1,results/measurement_audit_v1/precision_head_paired_analysis_v1/contrast_ci.json,3144e54cf811d1d553d7dd4bc6b5bfa551e2910e566a002281d8ab9f250281af
precision_head_paired_analysis_v1,YOLO11n,baseline_minus_fp16,l,map50_95,-6.11788723171498,-7.086822801312982,-4.906352075399712,1000,0,20260916,1000,coco_xml_paired_image_bootstrap_v1,results/measurement_audit_v1/precision_head_paired_analysis_v1/contrast_ci.json,3144e54cf811d1d553d7dd4bc6b5bfa551e2910e566a002281d8ab9f250281af
precision_head_paired_analysis_v1,YOLO11n,baseline_minus_fp16,xl,map50,-0.41656082837934205,-0.9962643286538794,0.06374533730703554,1000,0,20260916,1000,coco_xml_paired_image_bootstrap_v1,results/measurement_audit_v1/precision_head_paired_analysis_v1/contrast_ci.json,3144e54cf811d1d553d7dd4bc6b5bfa551e2910e566a002281d8ab9f250281af
precision_head_paired_analysis_v1,YOLO11n,baseline_minus_fp16,xl,map50_95,-5.549833223240508,-6.283128865201279,-4.498407245698666,1000,0,20260916,1000,coco_xml_paired_image_bootstrap_v1,results/measurement_audit_v1/precision_head_paired_analysis_v1/contrast_ci.json,3144e54cf811d1d553d7dd4bc6b5bfa551e2910e566a002281d8ab9f250281af
precision_head_paired_analysis_v1,YOLO11n,bbox_minus_fp16,all,map50,-1.1180237328463405,-1.5352023555238434,-0.4844652301716974,1000,0,20260916,1000,coco_xml_paired_image_bootstrap_v1,results/measurement_audit_v1/precision_head_paired_analysis_v1/contrast_ci.json,3144e54cf811d1d553d7dd4bc6b5bfa551e2910e566a002281d8ab9f250281af
precision_head_paired_analysis_v1,YOLO11n,bbox_minus_fp16,all,map50_95,-3.6852885330102114,-4.1638094362117295,-3.0439143194852387,1000,0,20260916,1000,coco_xml_paired_image_bootstrap_v1,results/measurement_audit_v1/precision_head_paired_analysis_v1/contrast_ci.json,3144e54cf811d1d553d7dd4bc6b5bfa551e2910e566a002281d8ab9f250281af
precision_head_paired_analysis_v1,YOLO11n,bbox_minus_fp16,xs,map50,-3.4863545710690502,-6.874713066948783,0.6081289550108141,1000,0,20260916,1000,coco_xml_paired_image_bootstrap_v1,results/measurement_audit_v1/precision_head_paired_analysis_v1/contrast_ci.json,3144e54cf811d1d553d7dd4bc6b5bfa551e2910e566a002281d8ab9f250281af
precision_head_paired_analysis_v1,YOLO11n,bbox_minus_fp16,xs,map50_95,-2.8116504333855263,-4.6041404013141145,-0.7968794416434369,1000,0,20260916,1000,coco_xml_paired_image_bootstrap_v1,results/measurement_audit_v1/precision_head_paired_analysis_v1/contrast_ci.json,3144e54cf811d1d553d7dd4bc6b5bfa551e2910e566a002281d8ab9f250281af
precision_head_paired_analysis_v1,YOLO11n,bbox_minus_fp16,s,map50,-1.5966581893337994,-2.473476857070114,-0.6599366622611569,1000,0,20260916,1000,coco_xml_paired_image_bootstrap_v1,results/measurement_audit_v1/precision_head_paired_analysis_v1/contrast_ci.json,3144e54cf811d1d553d7dd4bc6b5bfa551e2910e566a002281d8ab9f250281af
precision_head_paired_analysis_v1,YOLO11n,bbox_minus_fp16,s,map50_95,-2.793104268038704,-3.69659240908264,-1.8071229742464452,1000,0,20260916,1000,coco_xml_paired_image_bootstrap_v1,results/measurement_audit_v1/precision_head_paired_analysis_v1/contrast_ci.json,3144e54cf811d1d553d7dd4bc6b5bfa551e2910e566a002281d8ab9f250281af
precision_head_paired_analysis_v1,YOLO11n,bbox_minus_fp16,m,map50,-0.8459307778580283,-1.5615363368080548,-0.22841399251365122,1000,0,20260916,1000,coco_xml_paired_image_bootstrap_v1,results/measurement_audit_v1/precision_head_paired_analysis_v1/contrast_ci.json,3144e54cf811d1d553d7dd4bc6b5bfa551e2910e566a002281d8ab9f250281af
precision_head_paired_analysis_v1,YOLO11n,bbox_minus_fp16,m,map50_95,-2.2802983763835716,-3.0708283264063296,-1.3739799017124152,1000,0,20260916,1000,coco_xml_paired_image_bootstrap_v1,results/measurement_audit_v1/precision_head_paired_analysis_v1/contrast_ci.json,3144e54cf811d1d553d7dd4bc6b5bfa551e2910e566a002281d8ab9f250281af
precision_head_paired_analysis_v1,YOLO11n,bbox_minus_fp16,l,map50,-0.7010640616086805,-1.4795090549438896,-0.1185941353773177,1000,0,20260916,1000,coco_xml_paired_image_bootstrap_v1,results/measurement_audit_v1/precision_head_paired_analysis_v1/contrast_ci.json,3144e54cf811d1d553d7dd4bc6b5bfa551e2910e566a002281d8ab9f250281af
precision_head_paired_analysis_v1,YOLO11n,bbox_minus_fp16,l,map50_95,-2.7814078853591107,-3.685752595536774,-1.7358610040555107,1000,0,20260916,1000,coco_xml_paired_image_bootstrap_v1,results/measurement_audit_v1/precision_head_paired_analysis_v1/contrast_ci.json,3144e54cf811d1d553d7dd4bc6b5bfa551e2910e566a002281d8ab9f250281af
precision_head_paired_analysis_v1,YOLO11n,bbox_minus_fp16,xl,map50,-0.41427023243305605,-1.0017821519058572,0.0667991521633756,1000,0,20260916,1000,coco_xml_paired_image_bootstrap_v1,results/measurement_audit_v1/precision_head_paired_analysis_v1/contrast_ci.json,3144e54cf811d1d553d7dd4bc6b5bfa551e2910e566a002281d8ab9f250281af
precision_head_paired_analysis_v1,YOLO11n,bbox_minus_fp16,xl,map50_95,-3.382292472721482,-3.9657022249057525,-2.3662846349985656,1000,0,20260916,1000,coco_xml_paired_image_bootstrap_v1,results/measurement_audit_v1/precision_head_paired_analysis_v1/contrast_ci.json,3144e54cf811d1d553d7dd4bc6b5bfa551e2910e566a002281d8ab9f250281af
precision_head_paired_analysis_v1,YOLO11n,classification_minus_fp16,all,map50,-0.7391865611729664,-1.0888341114645075,-0.20052374859274866,1000,0,20260916,1000,coco_xml_paired_image_bootstrap_v1,results/measurement_audit_v1/precision_head_paired_analysis_v1/contrast_ci.json,3144e54cf811d1d553d7dd4bc6b5bfa551e2910e566a002281d8ab9f250281af
precision_head_paired_analysis_v1,YOLO11n,classification_minus_fp16,all,map50_95,-5.4845693042768655,-5.9895501009107255,-5.017395608837821,1000,0,20260916,1000,coco_xml_paired_image_bootstrap_v1,results/measurement_audit_v1/precision_head_paired_analysis_v1/contrast_ci.json,3144e54cf811d1d553d7dd4bc6b5bfa551e2910e566a002281d8ab9f250281af
precision_head_paired_analysis_v1,YOLO11n,classification_minus_fp16,xs,map50,-7.359534380356592,-12.80612659595461,-2.879212713240685,1000,0,20260916,1000,coco_xml_paired_image_bootstrap_v1,results/measurement_audit_v1/precision_head_paired_analysis_v1/contrast_ci.json,3144e54cf811d1d553d7dd4bc6b5bfa551e2910e566a002281d8ab9f250281af
precision_head_paired_analysis_v1,YOLO11n,classification_minus_fp16,xs,map50_95,-8.819960295308613,-11.73811721692384,-6.363736549563378,1000,0,20260916,1000,coco_xml_paired_image_bootstrap_v1,results/measurement_audit_v1/precision_head_paired_analysis_v1/contrast_ci.json,3144e54cf811d1d553d7dd4bc6b5bfa551e2910e566a002281d8ab9f250281af
precision_head_paired_analysis_v1,YOLO11n,classification_minus_fp16,s,map50,-0.3593158354541659,-0.8469277128891745,0.2663987714933929,1000,0,20260916,1000,coco_xml_paired_image_bootstrap_v1,results/measurement_audit_v1/precision_head_paired_analysis_v1/contrast_ci.json,3144e54cf811d1d553d7dd4bc6b5bfa551e2910e566a002281d8ab9f250281af
precision_head_paired_analysis_v1,YOLO11n,classification_minus_fp16,s,map50_95,-7.710932281192628,-8.912575551191916,-6.627237598842378,1000,0,20260916,1000,coco_xml_paired_image_bootstrap_v1,results/measurement_audit_v1/precision_head_paired_analysis_v1/contrast_ci.json,3144e54cf811d1d553d7dd4bc6b5bfa551e2910e566a002281d8ab9f250281af
precision_head_paired_analysis_v1,YOLO11n,classification_minus_fp16,m,map50,-0.4001022146567501,-0.770971797074437,-0.03187061283329797,1000,0,20260916,1000,coco_xml_paired_image_bootstrap_v1,results/measurement_audit_v1/precision_head_paired_analysis_v1/contrast_ci.json,3144e54cf811d1d553d7dd4bc6b5bfa551e2910e566a002281d8ab9f250281af
precision_head_paired_analysis_v1,YOLO11n,classification_minus_fp16,m,map50_95,-6.135659043998465,-6.909992451977648,-5.333081630113191,1000,0,20260916,1000,coco_xml_paired_image_bootstrap_v1,results/measurement_audit_v1/precision_head_paired_analysis_v1/contrast_ci.json,3144e54cf811d1d553d7dd4bc6b5bfa551e2910e566a002281d8ab9f250281af
precision_head_paired_analysis_v1,YOLO11n,classification_minus_fp16,l,map50,-0.32643691444311784,-1.282200141784076,0.05739808300577602,1000,0,20260916,1000,coco_xml_paired_image_bootstrap_v1,results/measurement_audit_v1/precision_head_paired_analysis_v1/contrast_ci.json,3144e54cf811d1d553d7dd4bc6b5bfa551e2910e566a002281d8ab9f250281af
precision_head_paired_analysis_v1,YOLO11n,classification_minus_fp16,l,map50_95,-4.486761183450227,-5.2995082071654,-3.61440491040201,1000,0,20260916,1000,coco_xml_paired_image_bootstrap_v1,results/measurement_audit_v1/precision_head_paired_analysis_v1/contrast_ci.json,3144e54cf811d1d553d7dd4bc6b5bfa551e2910e566a002281d8ab9f250281af
precision_head_paired_analysis_v1,YOLO11n,classification_minus_fp16,xl,map50,-0.5113754132837989,-1.2527585147923395,0.13137211650446706,1000,0,20260916,1000,coco_xml_paired_image_bootstrap_v1,results/measurement_audit_v1/precision_head_paired_analysis_v1/contrast_ci.json,3144e54cf811d1d553d7dd4bc6b5bfa551e2910e566a002281d8ab9f250281af
precision_head_paired_analysis_v1,YOLO11n,classification_minus_fp16,xl,map50_95,-2.4254902503185294,-3.219663723086882,-1.4845499118606678,1000,0,20260916,1000,coco_xml_paired_image_bootstrap_v1,results/measurement_audit_v1/precision_head_paired_analysis_v1/contrast_ci.json,3144e54cf811d1d553d7dd4bc6b5bfa551e2910e566a002281d8ab9f250281af
precision_head_paired_analysis_v1,YOLO11n,both_minus_fp16,all,map50,-0.15437665060181738,-0.6420129075213062,-0.020317269000203204,1000,0,20260916,1000,coco_xml_paired_image_bootstrap_v1,results/measurement_audit_v1/precision_head_paired_analysis_v1/contrast_ci.json,3144e54cf811d1d553d7dd4bc6b5bfa551e2910e566a002281d8ab9f250281af
precision_head_paired_analysis_v1,YOLO11n,both_minus_fp16,all,map50_95,-0.6049190449897268,-0.9361045128698819,-0.367043969686664,1000,0,20260916,1000,coco_xml_paired_image_bootstrap_v1,results/measurement_audit_v1/precision_head_paired_analysis_v1/contrast_ci.json,3144e54cf811d1d553d7dd4bc6b5bfa551e2910e566a002281d8ab9f250281af
precision_head_paired_analysis_v1,YOLO11n,both_minus_fp16,xs,map50,-1.1974720792598315,-2.9487352166946015,0.6160458135316303,1000,0,20260916,1000,coco_xml_paired_image_bootstrap_v1,results/measurement_audit_v1/precision_head_paired_analysis_v1/contrast_ci.json,3144e54cf811d1d553d7dd4bc6b5bfa551e2910e566a002281d8ab9f250281af
precision_head_paired_analysis_v1,YOLO11n,both_minus_fp16,xs,map50_95,-1.2504048806475765,-2.7020433259412324,0.4311415432528871,1000,0,20260916,1000,coco_xml_paired_image_bootstrap_v1,results/measurement_audit_v1/precision_head_paired_analysis_v1/contrast_ci.json,3144e54cf811d1d553d7dd4bc6b5bfa551e2910e566a002281d8ab9f250281af
precision_head_paired_analysis_v1,YOLO11n,both_minus_fp16,s,map50,0.10577883727084236,-0.24578146260222644,0.41207880917217937,1000,0,20260916,1000,coco_xml_paired_image_bootstrap_v1,results/measurement_audit_v1/precision_head_paired_analysis_v1/contrast_ci.json,3144e54cf811d1d553d7dd4bc6b5bfa551e2910e566a002281d8ab9f250281af
precision_head_paired_analysis_v1,YOLO11n,both_minus_fp16,s,map50_95,-0.7915097400927107,-1.4773129847724285,-0.14142271758060057,1000,0,20260916,1000,coco_xml_paired_image_bootstrap_v1,results/measurement_audit_v1/precision_head_paired_analysis_v1/contrast_ci.json,3144e54cf811d1d553d7dd4bc6b5bfa551e2910e566a002281d8ab9f250281af
precision_head_paired_analysis_v1,YOLO11n,both_minus_fp16,m,map50,-0.3381780042547744,-0.7008171693386958,0.014105395583645602,1000,0,20260916,1000,coco_xml_paired_image_bootstrap_v1,results/measurement_audit_v1/precision_head_paired_analysis_v1/contrast_ci.json,3144e54cf811d1d553d7dd4bc6b5bfa551e2910e566a002281d8ab9f250281af
precision_head_paired_analysis_v1,YOLO11n,both_minus_fp16,m,map50_95,-0.5889909015316275,-1.0222570691336705,-0.04341893144292548,1000,0,20260916,1000,coco_xml_paired_image_bootstrap_v1,results/measurement_audit_v1/precision_head_paired_analysis_v1/contrast_ci.json,3144e54cf811d1d553d7dd4bc6b5bfa551e2910e566a002281d8ab9f250281af
precision_head_paired_analysis_v1,YOLO11n,both_minus_fp16,l,map50,-0.3502420450611443,-1.308997385634859,0.018820290617461155,1000,0,20260916,1000,coco_xml_paired_image_bootstrap_v1,results/measurement_audit_v1/precision_head_paired_analysis_v1/contrast_ci.json,3144e54cf811d1d553d7dd4bc6b5bfa551e2910e566a002281d8ab9f250281af
precision_head_paired_analysis_v1,YOLO11n,both_minus_fp16,l,map50_95,-0.9044989889172683,-1.514553591814736,-0.36312936195122203,1000,0,20260916,1000,coco_xml_paired_image_bootstrap_v1,results/measurement_audit_v1/precision_head_paired_analysis_v1/contrast_ci.json,3144e54cf811d1d553d7dd4bc6b5bfa551e2910e566a002281d8ab9f250281af
precision_head_paired_analysis_v1,YOLO11n,both_minus_fp16,xl,map50,-0.5328024262277298,-1.2679973655832386,0.09460448989684817,1000,0,20260916,1000,coco_xml_paired_image_bootstrap_v1,results/measurement_audit_v1/precision_head_paired_analysis_v1/contrast_ci.json,3144e54cf811d1d553d7dd4bc6b5bfa551e2910e566a002281d8ab9f250281af
precision_head_paired_analysis_v1,YOLO11n,both_minus_fp16,xl,map50_95,-0.7159878104633699,-1.2861101897330554,0.011934443793887755,1000,0,20260916,1000,coco_xml_paired_image_bootstrap_v1,results/measurement_audit_v1/precision_head_paired_analysis_v1/contrast_ci.json,3144e54cf811d1d553d7dd4bc6b5bfa551e2910e566a002281d8ab9f250281af
