study,model,condition,evaluator,size,metric,estimate,unit,images,instances,source_path,source_sha256_worktree,interpretation
yolo11n_precision_head_ablation_v1,YOLO11n,fp16,Ultralytics validation capture,full,map50,97.77499256550611,percent,1636,2706,results/measurement_audit_v1/precision_head_paired_analysis_v1/point_estimates.json,c3b6c58979116b39e788b8145f7a6e0c8b08bda3a1106ce1e40d7d79d8e497d5,Persisted capture point; paired CI is not reported for this evaluator.
yolo11n_precision_head_ablation_v1,YOLO11n,fp16,Ultralytics validation capture,full,map50_95,76.30247217006284,percent,1636,2706,results/measurement_audit_v1/precision_head_paired_analysis_v1/point_estimates.json,c3b6c58979116b39e788b8145f7a6e0c8b08bda3a1106ce1e40d7d79d8e497d5,Persisted capture point; paired CI is not reported for this evaluator.
yolo11n_precision_head_ablation_v1,YOLO11n,fp16,COCO/XML pycocotools custom CCTSDB area,all,map50,97.28170266748177,percent,1636,2706,results/measurement_audit_v1/precision_head_paired_analysis_v1/point_estimates.json,c3b6c58979116b39e788b8145f7a6e0c8b08bda3a1106ce1e40d7d79d8e497d5,"Point estimate; CI applies to paired contrasts, not each absolute point."
yolo11n_precision_head_ablation_v1,YOLO11n,fp16,COCO/XML pycocotools custom CCTSDB area,all,map50_95,75.6546108865103,percent,1636,2706,results/measurement_audit_v1/precision_head_paired_analysis_v1/point_estimates.json,c3b6c58979116b39e788b8145f7a6e0c8b08bda3a1106ce1e40d7d79d8e497d5,"Point estimate; CI applies to paired contrasts, not each absolute point."
yolo11n_precision_head_ablation_v1,YOLO11n,fp16,COCO/XML pycocotools custom CCTSDB area,xs,map50,71.68154501016389,percent,1636,190,results/measurement_audit_v1/precision_head_paired_analysis_v1/point_estimates.json,c3b6c58979116b39e788b8145f7a6e0c8b08bda3a1106ce1e40d7d79d8e497d5,"Point estimate; CI applies to paired contrasts, not each absolute point."
yolo11n_precision_head_ablation_v1,YOLO11n,fp16,COCO/XML pycocotools custom CCTSDB area,xs,map50_95,30.920384435297006,percent,1636,190,results/measurement_audit_v1/precision_head_paired_analysis_v1/point_estimates.json,c3b6c58979116b39e788b8145f7a6e0c8b08bda3a1106ce1e40d7d79d8e497d5,"Point estimate; CI applies to paired contrasts, not each absolute point."
yolo11n_precision_head_ablation_v1,YOLO11n,fp16,COCO/XML pycocotools custom CCTSDB area,s,map50,97.43208734379135,percent,1636,642,results/measurement_audit_v1/precision_head_paired_analysis_v1/point_estimates.json,c3b6c58979116b39e788b8145f7a6e0c8b08bda3a1106ce1e40d7d79d8e497d5,"Point estimate; CI applies to paired contrasts, not each absolute point."
yolo11n_precision_head_ablation_v1,YOLO11n,fp16,COCO/XML pycocotools custom CCTSDB area,s,map50_95,66.93602060714805,percent,1636,642,results/measurement_audit_v1/precision_head_paired_analysis_v1/point_estimates.json,c3b6c58979116b39e788b8145f7a6e0c8b08bda3a1106ce1e40d7d79d8e497d5,"Point estimate; CI applies to paired contrasts, not each absolute point."
yolo11n_precision_head_ablation_v1,YOLO11n,baseline_int8,Ultralytics validation capture,full,map50,95.84570282144256,percent,1636,2706,results/measurement_audit_v1/precision_head_paired_analysis_v1/point_estimates.json,c3b6c58979116b39e788b8145f7a6e0c8b08bda3a1106ce1e40d7d79d8e497d5,Persisted capture point; paired CI is not reported for this evaluator.
yolo11n_precision_head_ablation_v1,YOLO11n,baseline_int8,Ultralytics validation capture,full,map50_95,66.04367433091085,percent,1636,2706,results/measurement_audit_v1/precision_head_paired_analysis_v1/point_estimates.json,c3b6c58979116b39e788b8145f7a6e0c8b08bda3a1106ce1e40d7d79d8e497d5,Persisted capture point; paired CI is not reported for this evaluator.
yolo11n_precision_head_ablation_v1,YOLO11n,baseline_int8,COCO/XML pycocotools custom CCTSDB area,all,map50,95.55685843448875,percent,1636,2706,results/measurement_audit_v1/precision_head_paired_analysis_v1/point_estimates.json,c3b6c58979116b39e788b8145f7a6e0c8b08bda3a1106ce1e40d7d79d8e497d5,"Point estimate; CI applies to paired contrasts, not each absolute point."
yolo11n_precision_head_ablation_v1,YOLO11n,baseline_int8,COCO/XML pycocotools custom CCTSDB area,all,map50_95,66.54297871480806,percent,1636,2706,results/measurement_audit_v1/precision_head_paired_analysis_v1/point_estimates.json,c3b6c58979116b39e788b8145f7a6e0c8b08bda3a1106ce1e40d7d79d8e497d5,"Point estimate; CI applies to paired contrasts, not each absolute point."
yolo11n_precision_head_ablation_v1,YOLO11n,baseline_int8,COCO/XML pycocotools custom CCTSDB area,xs,map50,61.48577046705805,percent,1636,190,results/measurement_audit_v1/precision_head_paired_analysis_v1/point_estimates.json,c3b6c58979116b39e788b8145f7a6e0c8b08bda3a1106ce1e40d7d79d8e497d5,"Point estimate; CI applies to paired contrasts, not each absolute point."
yolo11n_precision_head_ablation_v1,YOLO11n,baseline_int8,COCO/XML pycocotools custom CCTSDB area,xs,map50_95,20.72260302963737,percent,1636,190,results/measurement_audit_v1/precision_head_paired_analysis_v1/point_estimates.json,c3b6c58979116b39e788b8145f7a6e0c8b08bda3a1106ce1e40d7d79d8e497d5,"Point estimate; CI applies to paired contrasts, not each absolute point."
yolo11n_precision_head_ablation_v1,YOLO11n,baseline_int8,COCO/XML pycocotools custom CCTSDB area,s,map50,95.30827555101186,percent,1636,642,results/measurement_audit_v1/precision_head_paired_analysis_v1/point_estimates.json,c3b6c58979116b39e788b8145f7a6e0c8b08bda3a1106ce1e40d7d79d8e497d5,"Point estimate; CI applies to paired contrasts, not each absolute point."
yolo11n_precision_head_ablation_v1,YOLO11n,baseline_int8,COCO/XML pycocotools custom CCTSDB area,s,map50_95,57.435762421518824,percent,1636,642,results/measurement_audit_v1/precision_head_paired_analysis_v1/point_estimates.json,c3b6c58979116b39e788b8145f7a6e0c8b08bda3a1106ce1e40d7d79d8e497d5,"Point estimate; CI applies to paired contrasts, not each absolute point."
yolo11n_precision_head_ablation_v1,YOLO11n,bbox_fp32,Ultralytics validation capture,full,map50,96.55014984391886,percent,1636,2706,results/measurement_audit_v1/precision_head_paired_analysis_v1/point_estimates.json,c3b6c58979116b39e788b8145f7a6e0c8b08bda3a1106ce1e40d7d79d8e497d5,Persisted capture point; paired CI is not reported for this evaluator.
yolo11n_precision_head_ablation_v1,YOLO11n,bbox_fp32,Ultralytics validation capture,full,map50_95,71.83698446540664,percent,1636,2706,results/measurement_audit_v1/precision_head_paired_analysis_v1/point_estimates.json,c3b6c58979116b39e788b8145f7a6e0c8b08bda3a1106ce1e40d7d79d8e497d5,Persisted capture point; paired CI is not reported for this evaluator.
yolo11n_precision_head_ablation_v1,YOLO11n,bbox_fp32,COCO/XML pycocotools custom CCTSDB area,all,map50,96.16367893463543,percent,1636,2706,results/measurement_audit_v1/precision_head_paired_analysis_v1/point_estimates.json,c3b6c58979116b39e788b8145f7a6e0c8b08bda3a1106ce1e40d7d79d8e497d5,"Point estimate; CI applies to paired contrasts, not each absolute point."
yolo11n_precision_head_ablation_v1,YOLO11n,bbox_fp32,COCO/XML pycocotools custom CCTSDB area,all,map50_95,71.96932235350009,percent,1636,2706,results/measurement_audit_v1/precision_head_paired_analysis_v1/point_estimates.json,c3b6c58979116b39e788b8145f7a6e0c8b08bda3a1106ce1e40d7d79d8e497d5,"Point estimate; CI applies to paired contrasts, not each absolute point."
yolo11n_precision_head_ablation_v1,YOLO11n,bbox_fp32,COCO/XML pycocotools custom CCTSDB area,xs,map50,68.19519043909483,percent,1636,190,results/measurement_audit_v1/precision_head_paired_analysis_v1/point_estimates.json,c3b6c58979116b39e788b8145f7a6e0c8b08bda3a1106ce1e40d7d79d8e497d5,"Point estimate; CI applies to paired contrasts, not each absolute point."
yolo11n_precision_head_ablation_v1,YOLO11n,bbox_fp32,COCO/XML pycocotools custom CCTSDB area,xs,map50_95,28.10873400191148,percent,1636,190,results/measurement_audit_v1/precision_head_paired_analysis_v1/point_estimates.json,c3b6c58979116b39e788b8145f7a6e0c8b08bda3a1106ce1e40d7d79d8e497d5,"Point estimate; CI applies to paired contrasts, not each absolute point."
yolo11n_precision_head_ablation_v1,YOLO11n,bbox_fp32,COCO/XML pycocotools custom CCTSDB area,s,map50,95.83542915445756,percent,1636,642,results/measurement_audit_v1/precision_head_paired_analysis_v1/point_estimates.json,c3b6c58979116b39e788b8145f7a6e0c8b08bda3a1106ce1e40d7d79d8e497d5,"Point estimate; CI applies to paired contrasts, not each absolute point."
yolo11n_precision_head_ablation_v1,YOLO11n,bbox_fp32,COCO/XML pycocotools custom CCTSDB area,s,map50_95,64.14291633910935,percent,1636,642,results/measurement_audit_v1/precision_head_paired_analysis_v1/point_estimates.json,c3b6c58979116b39e788b8145f7a6e0c8b08bda3a1106ce1e40d7d79d8e497d5,"Point estimate; CI applies to paired contrasts, not each absolute point."
yolo11n_precision_head_ablation_v1,YOLO11n,classification_fp32,Ultralytics validation capture,full,map50,97.00306210688727,percent,1636,2706,results/measurement_audit_v1/precision_head_paired_analysis_v1/point_estimates.json,c3b6c58979116b39e788b8145f7a6e0c8b08bda3a1106ce1e40d7d79d8e497d5,Persisted capture point; paired CI is not reported for this evaluator.
yolo11n_precision_head_ablation_v1,YOLO11n,classification_fp32,Ultralytics validation capture,full,map50_95,70.67181108210713,percent,1636,2706,results/measurement_audit_v1/precision_head_paired_analysis_v1/point_estimates.json,c3b6c58979116b39e788b8145f7a6e0c8b08bda3a1106ce1e40d7d79d8e497d5,Persisted capture point; paired CI is not reported for this evaluator.
yolo11n_precision_head_ablation_v1,YOLO11n,classification_fp32,COCO/XML pycocotools custom CCTSDB area,all,map50,96.5425161063088,percent,1636,2706,results/measurement_audit_v1/precision_head_paired_analysis_v1/point_estimates.json,c3b6c58979116b39e788b8145f7a6e0c8b08bda3a1106ce1e40d7d79d8e497d5,"Point estimate; CI applies to paired contrasts, not each absolute point."
yolo11n_precision_head_ablation_v1,YOLO11n,classification_fp32,COCO/XML pycocotools custom CCTSDB area,all,map50_95,70.17004158223344,percent,1636,2706,results/measurement_audit_v1/precision_head_paired_analysis_v1/point_estimates.json,c3b6c58979116b39e788b8145f7a6e0c8b08bda3a1106ce1e40d7d79d8e497d5,"Point estimate; CI applies to paired contrasts, not each absolute point."
yolo11n_precision_head_ablation_v1,YOLO11n,classification_fp32,COCO/XML pycocotools custom CCTSDB area,xs,map50,64.3220106298073,percent,1636,190,results/measurement_audit_v1/precision_head_paired_analysis_v1/point_estimates.json,c3b6c58979116b39e788b8145f7a6e0c8b08bda3a1106ce1e40d7d79d8e497d5,"Point estimate; CI applies to paired contrasts, not each absolute point."
yolo11n_precision_head_ablation_v1,YOLO11n,classification_fp32,COCO/XML pycocotools custom CCTSDB area,xs,map50_95,22.10042413998839,percent,1636,190,results/measurement_audit_v1/precision_head_paired_analysis_v1/point_estimates.json,c3b6c58979116b39e788b8145f7a6e0c8b08bda3a1106ce1e40d7d79d8e497d5,"Point estimate; CI applies to paired contrasts, not each absolute point."
yolo11n_precision_head_ablation_v1,YOLO11n,classification_fp32,COCO/XML pycocotools custom CCTSDB area,s,map50,97.07277150833718,percent,1636,642,results/measurement_audit_v1/precision_head_paired_analysis_v1/point_estimates.json,c3b6c58979116b39e788b8145f7a6e0c8b08bda3a1106ce1e40d7d79d8e497d5,"Point estimate; CI applies to paired contrasts, not each absolute point."
yolo11n_precision_head_ablation_v1,YOLO11n,classification_fp32,COCO/XML pycocotools custom CCTSDB area,s,map50_95,59.22508832595542,percent,1636,642,results/measurement_audit_v1/precision_head_paired_analysis_v1/point_estimates.json,c3b6c58979116b39e788b8145f7a6e0c8b08bda3a1106ce1e40d7d79d8e497d5,"Point estimate; CI applies to paired contrasts, not each absolute point."
yolo11n_precision_head_ablation_v1,YOLO11n,both_fp32,Ultralytics validation capture,full,map50,97.59859927704873,percent,1636,2706,results/measurement_audit_v1/precision_head_paired_analysis_v1/point_estimates.json,c3b6c58979116b39e788b8145f7a6e0c8b08bda3a1106ce1e40d7d79d8e497d5,Persisted capture point; paired CI is not reported for this evaluator.
yolo11n_precision_head_ablation_v1,YOLO11n,both_fp32,Ultralytics validation capture,full,map50_95,75.70663312284654,percent,1636,2706,results/measurement_audit_v1/precision_head_paired_analysis_v1/point_estimates.json,c3b6c58979116b39e788b8145f7a6e0c8b08bda3a1106ce1e40d7d79d8e497d5,Persisted capture point; paired CI is not reported for this evaluator.
yolo11n_precision_head_ablation_v1,YOLO11n,both_fp32,COCO/XML pycocotools custom CCTSDB area,all,map50,97.12732601687995,percent,1636,2706,results/measurement_audit_v1/precision_head_paired_analysis_v1/point_estimates.json,c3b6c58979116b39e788b8145f7a6e0c8b08bda3a1106ce1e40d7d79d8e497d5,"Point estimate; CI applies to paired contrasts, not each absolute point."
yolo11n_precision_head_ablation_v1,YOLO11n,both_fp32,COCO/XML pycocotools custom CCTSDB area,all,map50_95,75.04969184152057,percent,1636,2706,results/measurement_audit_v1/precision_head_paired_analysis_v1/point_estimates.json,c3b6c58979116b39e788b8145f7a6e0c8b08bda3a1106ce1e40d7d79d8e497d5,"Point estimate; CI applies to paired contrasts, not each absolute point."
yolo11n_precision_head_ablation_v1,YOLO11n,both_fp32,COCO/XML pycocotools custom CCTSDB area,xs,map50,70.48407293090405,percent,1636,190,results/measurement_audit_v1/precision_head_paired_analysis_v1/point_estimates.json,c3b6c58979116b39e788b8145f7a6e0c8b08bda3a1106ce1e40d7d79d8e497d5,"Point estimate; CI applies to paired contrasts, not each absolute point."
yolo11n_precision_head_ablation_v1,YOLO11n,both_fp32,COCO/XML pycocotools custom CCTSDB area,xs,map50_95,29.66997955464943,percent,1636,190,results/measurement_audit_v1/precision_head_paired_analysis_v1/point_estimates.json,c3b6c58979116b39e788b8145f7a6e0c8b08bda3a1106ce1e40d7d79d8e497d5,"Point estimate; CI applies to paired contrasts, not each absolute point."
yolo11n_precision_head_ablation_v1,YOLO11n,both_fp32,COCO/XML pycocotools custom CCTSDB area,s,map50,97.5378661810622,percent,1636,642,results/measurement_audit_v1/precision_head_paired_analysis_v1/point_estimates.json,c3b6c58979116b39e788b8145f7a6e0c8b08bda3a1106ce1e40d7d79d8e497d5,"Point estimate; CI applies to paired contrasts, not each absolute point."
yolo11n_precision_head_ablation_v1,YOLO11n,both_fp32,COCO/XML pycocotools custom CCTSDB area,s,map50_95,66.14451086705535,percent,1636,642,results/measurement_audit_v1/precision_head_paired_analysis_v1/point_estimates.json,c3b6c58979116b39e788b8145f7a6e0c8b08bda3a1106ce1e40d7d79d8e497d5,"Point estimate; CI applies to paired contrasts, not each absolute point."
